{
  "camera_matrix": [
    [
      1901.7890625,
      0.0,
      908.7976001542993
    ],
    [
      0.0,
      1900.397216796875,
      594.3062648404884
    ],
    [
      0.0,
      0.0,
      1.0
    ]
  ],
  "dist_coefs": [
    [
      -0.381661276964259,
      0.4990315571567245,
      0.004867363480130749,
      0.006705504855027461,
      -0.9249236176696716
    ]
  ],
  "resolution": [
    1936,
    1216
  ],
  "ncols": 1936,
  "nrows": 1216,
  "CameraModel": "Brown",
  "k1": -0.381661276964259,
  "k2": 0.4990315571567245,
  "k3": -0.9249236176696716,
  "p1": 0.004867363480130749,
  "p2": 0.006705504855027461,
  "fx": 1901.7890625,
  "fy": 1900.397216796875,
  "up": 908.7976001542993,
  "vp": 594.3062648404884,
  "skew": 0.0
}